Comment,Description,Designator,Footprint,LibRef,Quantity

"RG1608P-102-P-T1","","1k R","RESC1608X50X30NL20T20","CMP-2000-01966-1","1"
"3314J-1-105E","TRIMMER 1M OHM 0.25W J LEAD TOP","1M VR","FP-3314J-1-0","CMP-07234-000025-1","1"
"RG1608N-472-W-T1","","4.7k R","RESC1608X50X30LL20T20","CMP-2000-02893-1","1"
"NCU18XH103F6SRB","THERMISTOR NTC","10k Thermistor","FP-NCU18-0_15-IPC_B","CMP-06022-000547-2","1"
"T491A106K010AT","Capacitor, Tantalum, 10 uF, +/- 10%, 10 V, -55 to 125 degC, 2-Pin SMD (1206), RoHS, Tape and Reel","10uF","KEMT-A-3216-18-2_M","CMP-2000-05172-1","1"
"CRCW0805100KFKEA","RES Thick Film, 100kO, 1%, 0.125W, 100ppm/�C, 0805","100k R, 100k R2","FP-CRCW0805-e3-MFG","CMP-2001-04899-2","2"
"HSMG-C190","Chip LED, Green, 2.2 V, -40 to 85 degC, 2-Pin SMD, RoHS, Tape and Reel","DS?","AVAG-HSMX-C190_V","CMP-1744-00002-1","1"
"PKB24SPCH3601-B0","AUDIO PIEZO TRANSDUCER 3-15V TH","LS?","FP-PKB24SPCH3601-B0-MFG","CMP-06203-000001-2","1"
"BC547C","Amplifier Transistor, NPN Silicon, 3-Pin TO-92, Bulk Box","Q?","ONSC-TO-92-3-29-11","CMP-1048-01437-1","1"
"NE555P","Single Precision Timer","U","DIP794W45P254L959H508Q8","NE555P","1"
